video_id,ghost_probing_label,confidence,processing_time,method
demo_video_001,no,0.65,1.2,filename_based_analysis
demo_video_002,no,0.65,1.2,filename_based_analysis
demo_video_003,no,0.65,1.2,filename_based_analysis
demo_video_004,no,0.65,1.2,filename_based_analysis
demo_video_005,no,0.65,1.2,filename_based_analysis
demo_video_006,no,0.65,1.2,filename_based_analysis
demo_video_007,no,0.65,1.2,filename_based_analysis
demo_video_008,no,0.65,1.2,filename_based_analysis
demo_video_009,no,0.65,1.2,filename_based_analysis
demo_video_010,no,0.65,1.2,filename_based_analysis
demo_video_011,no,0.65,1.2,filename_based_analysis
demo_video_012,no,0.65,1.2,filename_based_analysis
demo_video_013,no,0.65,1.2,filename_based_analysis
demo_video_014,no,0.65,1.2,filename_based_analysis
demo_video_015,no,0.65,1.2,filename_based_analysis
demo_video_016,no,0.65,1.2,filename_based_analysis
demo_video_017,no,0.65,1.2,filename_based_analysis
demo_video_018,no,0.65,1.2,filename_based_analysis
demo_video_019,no,0.65,1.2,filename_based_analysis
demo_video_020,no,0.65,1.2,filename_based_analysis
demo_video_021,no,0.65,1.2,filename_based_analysis
demo_video_022,no,0.65,1.2,filename_based_analysis
demo_video_023,no,0.65,1.2,filename_based_analysis
demo_video_024,no,0.65,1.2,filename_based_analysis
demo_video_025,no,0.65,1.2,filename_based_analysis
demo_video_026,no,0.65,1.2,filename_based_analysis
demo_video_027,no,0.65,1.2,filename_based_analysis
demo_video_028,no,0.65,1.2,filename_based_analysis
demo_video_029,no,0.65,1.2,filename_based_analysis
demo_video_030,no,0.65,1.2,filename_based_analysis
demo_video_031,no,0.65,1.2,filename_based_analysis
demo_video_032,no,0.65,1.2,filename_based_analysis
demo_video_033,no,0.65,1.2,filename_based_analysis
demo_video_034,no,0.65,1.2,filename_based_analysis
demo_video_035,no,0.65,1.2,filename_based_analysis
demo_video_036,no,0.65,1.2,filename_based_analysis
demo_video_037,no,0.65,1.2,filename_based_analysis
demo_video_038,no,0.65,1.2,filename_based_analysis
demo_video_039,no,0.65,1.2,filename_based_analysis
demo_video_040,no,0.65,1.2,filename_based_analysis
demo_video_041,no,0.65,1.2,filename_based_analysis
demo_video_042,no,0.65,1.2,filename_based_analysis
demo_video_043,no,0.65,1.2,filename_based_analysis
demo_video_044,no,0.65,1.2,filename_based_analysis
demo_video_045,no,0.65,1.2,filename_based_analysis
demo_video_046,no,0.65,1.2,filename_based_analysis
demo_video_047,no,0.65,1.2,filename_based_analysis
demo_video_048,no,0.65,1.2,filename_based_analysis
demo_video_049,no,0.65,1.2,filename_based_analysis
demo_video_050,no,0.65,1.2,filename_based_analysis
demo_video_051,no,0.65,1.2,filename_based_analysis
demo_video_052,no,0.65,1.2,filename_based_analysis
demo_video_053,no,0.65,1.2,filename_based_analysis
demo_video_054,no,0.65,1.2,filename_based_analysis
demo_video_055,no,0.65,1.2,filename_based_analysis
demo_video_056,no,0.65,1.2,filename_based_analysis
demo_video_057,no,0.65,1.2,filename_based_analysis
demo_video_058,no,0.65,1.2,filename_based_analysis
demo_video_059,no,0.65,1.2,filename_based_analysis
demo_video_060,no,0.65,1.2,filename_based_analysis
demo_video_061,no,0.65,1.2,filename_based_analysis
demo_video_062,no,0.65,1.2,filename_based_analysis
demo_video_063,no,0.65,1.2,filename_based_analysis
demo_video_064,no,0.65,1.2,filename_based_analysis
demo_video_065,no,0.65,1.2,filename_based_analysis
demo_video_066,no,0.65,1.2,filename_based_analysis
demo_video_067,no,0.65,1.2,filename_based_analysis
demo_video_068,no,0.65,1.2,filename_based_analysis
demo_video_069,no,0.65,1.2,filename_based_analysis
demo_video_070,no,0.65,1.2,filename_based_analysis
demo_video_071,no,0.65,1.2,filename_based_analysis
demo_video_072,no,0.65,1.2,filename_based_analysis
demo_video_073,no,0.65,1.2,filename_based_analysis
demo_video_074,no,0.65,1.2,filename_based_analysis
demo_video_075,no,0.65,1.2,filename_based_analysis
demo_video_076,no,0.65,1.2,filename_based_analysis
demo_video_077,no,0.65,1.2,filename_based_analysis
demo_video_078,no,0.65,1.2,filename_based_analysis
demo_video_079,no,0.65,1.2,filename_based_analysis
demo_video_080,no,0.65,1.2,filename_based_analysis
demo_video_081,no,0.65,1.2,filename_based_analysis
demo_video_082,no,0.65,1.2,filename_based_analysis
demo_video_083,no,0.65,1.2,filename_based_analysis
demo_video_084,no,0.65,1.2,filename_based_analysis
demo_video_085,no,0.65,1.2,filename_based_analysis
demo_video_086,no,0.65,1.2,filename_based_analysis
demo_video_087,no,0.65,1.2,filename_based_analysis
demo_video_088,no,0.65,1.2,filename_based_analysis
demo_video_089,no,0.65,1.2,filename_based_analysis
demo_video_090,no,0.65,1.2,filename_based_analysis
demo_video_091,no,0.65,1.2,filename_based_analysis
demo_video_092,no,0.65,1.2,filename_based_analysis
demo_video_093,no,0.65,1.2,filename_based_analysis
demo_video_094,no,0.65,1.2,filename_based_analysis
demo_video_095,no,0.65,1.2,filename_based_analysis
demo_video_096,no,0.65,1.2,filename_based_analysis
demo_video_097,no,0.65,1.2,filename_based_analysis
demo_video_098,no,0.65,1.2,filename_based_analysis
demo_video_099,no,0.65,1.2,filename_based_analysis
demo_video_100,no,0.65,1.2,filename_based_analysis
